Timestamp,Dancer_Setpoint,Dancer_Process_Value,Dancer_Output,Nip_Setpoint,Nip_Process_Value,Nip_Output,Line_Speed,Pressure,Quality_Score,Shift,Demo_Event
2026-09-15T06:00:00.000Z,50,50,48.35,42,42.1,44,120,6.2,98.6,A,Praca stabilna
2026-09-15T06:05:00.000Z,50,50.13,48.643,42,42.142,44.171,120.258,6.213,98.623,A,Praca stabilna
2026-09-15T06:10:00.000Z,50,50.249,48.884,42,42.164,44.338,120.513,6.226,98.645,A,Praca stabilna
2026-09-15T06:15:00.000Z,50,50.346,49.068,42,42.17,44.497,120.76,6.239,98.667,A,Praca stabilna
2026-09-15T06:20:00.000Z,50,50.415,49.197,42,42.17,44.644,120.998,6.252,98.689,A,Praca stabilna
2026-09-15T06:25:00.000Z,50,50.454,49.278,42,42.174,44.775,121.221,6.263,98.71,A,Praca stabilna
2026-09-15T06:30:00.000Z,50,50.465,49.319,42,42.188,44.887,121.427,6.274,98.73,A,Praca stabilna
2026-09-15T06:35:00.000Z,50,50.453,49.328,42,42.219,44.977,121.614,6.284,98.749,A,Praca stabilna
2026-09-15T06:40:00.000Z,50,50.427,49.313,42,42.265,45.044,121.778,6.293,98.766,A,Praca stabilna
2026-09-15T06:45:00.000Z,50,50.395,49.28,42,42.321,45.085,121.918,6.301,98.782,A,Praca stabilna
2026-09-15T06:50:00.000Z,50,50.366,49.231,42,42.38,45.1,122.031,6.308,98.797,A,Praca stabilna
2026-09-15T06:55:00.000Z,50,50.344,49.164,42,42.43,45.088,122.116,6.313,98.81,A,Praca stabilna
2026-09-15T07:00:00.000Z,50,50.331,49.077,42,42.462,45.049,122.172,6.317,98.822,A,Praca stabilna
2026-09-15T07:05:00.000Z,50,50.326,48.963,42,42.467,44.985,122.198,6.319,98.831,A,Praca stabilna
2026-09-15T07:10:00.000Z,50,50.324,48.816,42,42.443,44.897,122.194,6.32,98.839,A,Praca stabilna
2026-09-15T07:15:00.000Z,50,50.316,48.63,42,42.391,44.787,122.159,6.319,98.845,A,Praca stabilna
2026-09-15T07:20:00.000Z,50,50.294,48.402,42,42.318,44.658,122.094,6.317,98.848,A,Praca stabilna
2026-09-15T07:25:00.000Z,50,50.253,48.132,42,42.234,44.513,122,6.314,98.85,A,Praca stabilna
2026-09-15T07:30:00.000Z,50,50.188,47.827,42,42.151,44.356,121.879,6.309,98.849,A,Praca stabilna
2026-09-15T07:35:00.000Z,50,50.098,47.498,42,42.078,44.189,121.732,6.303,98.847,A,Praca stabilna
2026-09-15T07:40:00.000Z,50,49.988,47.16,42,42.022,44.018,121.561,6.295,98.842,A,Praca stabilna
2026-09-15T07:45:00.000Z,50,49.866,46.832,42,41.986,43.847,121.368,6.287,98.836,A,Praca stabilna
2026-09-15T07:50:00.000Z,50,49.743,46.537,42,41.967,43.679,121.156,6.277,98.827,A,Praca stabilna
2026-09-15T07:55:00.000Z,50,49.629,46.295,42,41.959,43.519,120.929,6.266,98.817,A,Praca stabilna
2026-09-15T08:00:00.000Z,50,49.535,46.128,42,41.952,43.371,120.688,6.255,98.805,A,Praca stabilna
2026-09-15T08:05:00.000Z,50,49.471,46.05,42,41.938,43.238,120.438,6.243,98.791,A,Praca stabilna
2026-09-15T08:10:00.000Z,50,49.44,46.071,42,41.909,43.124,120.182,6.23,98.775,A,Praca stabilna
2026-09-15T08:15:00.000Z,50,49.442,46.195,42,41.862,43.031,119.923,6.217,98.759,A,Praca stabilna
2026-09-15T08:20:00.000Z,50,49.475,46.415,42,41.799,42.962,119.666,6.204,98.74,A,Praca stabilna
2026-09-15T08:25:00.000Z,50,49.529,46.721,42,41.725,42.918,119.413,6.19,98.721,A,Praca stabilna
2026-09-15T08:30:00.000Z,50,49.595,47.092,42,41.649,42.9,119.168,6.177,98.701,A,Praca stabilna
2026-09-15T08:35:00.000Z,50,49.664,47.505,42,41.584,42.909,118.935,6.164,98.679,A,Praca stabilna
2026-09-15T08:40:00.000Z,50,49.727,47.934,42,41.539,42.945,118.716,6.152,98.658,A,Praca stabilna
2026-09-15T08:45:00.000Z,50,49.779,48.352,42,41.521,43.007,118.515,6.14,98.635,A,Praca stabilna
2026-09-15T08:50:00.000Z,50,49.818,48.736,42,41.533,43.092,118.335,6.129,98.613,A,Praca stabilna
2026-09-15T08:55:00.000Z,50,49.848,49.063,42,41.571,43.2,118.178,6.118,98.59,A,Praca stabilna
2026-09-15T09:00:00.000Z,50,49.873,49.321,42,41.631,43.327,118.046,6.109,98.567,A,Praca stabilna
2026-09-15T09:05:00.000Z,50,49.9,49.499,42,41.7,43.471,117.941,6.101,98.545,A,Praca stabilna
2026-09-15T09:10:00.000Z,50,49.937,49.597,42,41.768,43.627,117.864,6.094,98.523,A,Praca stabilna
2026-09-15T09:15:00.000Z,50,49.989,49.62,42,41.826,43.793,117.817,6.089,98.502,A,Praca stabilna
2026-09-15T09:20:00.000Z,50,50.06,49.577,42,41.868,43.964,117.8,6.084,98.481,A,Praca stabilna
2026-09-15T09:25:00.000Z,50,50.148,49.48,42,41.893,44.135,117.814,6.081,98.462,A,Praca stabilna
2026-09-15T09:30:00.000Z,50,50.249,49.343,42,41.904,44.303,117.857,6.08,98.443,A,Praca stabilna
2026-09-15T09:35:00.000Z,50,50.353,49.181,42,41.909,44.464,117.931,6.08,98.426,A,Praca stabilna
2026-09-15T09:40:00.000Z,50,50.45,49.005,42,41.917,44.614,118.033,6.082,98.411,A,Praca stabilna
2026-09-15T09:45:00.000Z,50,50.529,48.823,42,41.936,44.748,118.162,6.085,98.397,A,Praca stabilna
2026-09-15T09:50:00.000Z,50,50.581,48.639,42,41.974,44.865,118.316,6.089,98.384,A,Praca stabilna
2026-09-15T09:55:00.000Z,50,50.6,48.456,42,42.033,44.96,118.494,6.095,98.374,A,Praca stabilna
2026-09-15T10:00:00.000Z,50,50.583,48.271,42,42.11,45.032,118.693,6.102,98.365,A,Praca stabilna
2026-09-15T10:05:00.000Z,50,50.533,48.08,42,42.198,45.079,118.91,6.111,98.358,A,Praca stabilna
2026-09-15T10:10:00.000Z,50,50.456,47.879,42,42.286,45.099,119.142,6.12,98.353,A,Praca stabilna
2026-09-15T10:15:00.000Z,50,50.361,47.665,42,42.364,45.093,119.385,6.131,98.351,A,Praca stabilna
2026-09-15T10:20:00.000Z,50,50.261,47.439,42,42.421,45.06,119.637,6.142,98.35,A,Praca stabilna
2026-09-15T10:25:00.000Z,50,50.163,47.203,42,42.451,45.001,119.895,6.154,98.351,A,Praca stabilna
2026-09-15T10:30:00.000Z,50,46.478,46.966,42,42.452,44.918,120.153,6.166,95.955,A,Spadek Dancer — dolny próg
2026-09-15T10:35:00.000Z,50,46.41,46.738,42,42.427,44.812,120.41,6.179,95.96,A,Spadek Dancer — dolny próg
2026-09-15T10:40:00.000Z,50,46.359,46.535,42,42.383,44.687,120.661,6.193,95.968,A,Spadek Dancer — dolny próg
2026-09-15T10:45:00.000Z,50,46.323,46.373,42,42.332,44.545,120.902,6.206,95.977,A,Spadek Dancer — dolny próg
2026-09-15T10:50:00.000Z,50,46.295,46.269,42,42.282,44.39,121.132,6.219,95.988,A,Spadek Dancer — dolny próg
2026-09-15T10:55:00.000Z,50,46.269,46.238,42,42.243,44.225,121.345,6.232,96.001,A,Spadek Dancer — dolny próg
2026-09-15T11:00:00.000Z,50,46.237,46.291,42,42.219,44.055,121.54,6.245,96.016,A,Spadek Dancer — dolny próg
2026-09-15T11:05:00.000Z,50,46.194,46.434,42,42.21,43.883,121.714,6.257,96.032,A,Spadek Dancer — dolny próg
2026-09-15T11:10:00.000Z,50,46.138,46.664,42,42.211,43.714,121.864,6.268,96.049,A,Spadek Dancer — dolny próg
2026-09-15T11:15:00.000Z,50,46.07,46.975,42,42.215,43.552,121.988,6.279,96.068,A,Spadek Dancer — dolny próg
2026-09-15T11:20:00.000Z,50,45.998,47.351,42,42.211,43.402,122.085,6.288,96.088,A,Spadek Dancer — dolny próg
2026-09-15T11:25:00.000Z,50,45.928,47.771,42,42.191,43.265,122.153,6.297,96.109,A,Spadek Dancer — dolny próg
2026-09-15T11:30:00.000Z,50,49.471,48.211,42,42.149,43.147,122.191,6.304,98.53,A,Praca stabilna
2026-09-15T11:35:00.000Z,50,49.436,48.642,42,42.084,43.049,122.199,6.31,98.552,A,Praca stabilna
2026-09-15T11:40:00.000Z,50,49.432,49.038,42,41.999,42.975,122.177,6.315,98.575,A,Praca stabilna
2026-09-15T11:45:00.000Z,50,49.461,49.375,42,41.903,42.925,122.124,6.318,98.597,A,Praca stabilna
2026-09-15T11:50:00.000Z,50,49.524,49.634,42,41.806,42.902,122.042,6.32,98.62,A,Praca stabilna
2026-09-15T11:55:00.000Z,50,49.616,49.802,42,41.72,42.905,121.932,6.32,98.643,A,Praca stabilna
2026-09-15T12:00:00.000Z,50,49.729,49.873,42,41.654,42.935,121.795,6.319,98.665,A,Praca stabilna
2026-09-15T12:05:00.000Z,50,49.851,49.849,42,41.615,42.991,121.633,6.316,98.686,A,Praca stabilna
2026-09-15T12:10:00.000Z,50,49.972,49.738,42,41.603,43.072,121.449,6.312,98.707,A,Praca stabilna
2026-09-15T12:15:00.000Z,50,50.08,49.554,42,41.615,43.175,121.244,6.306,98.727,A,Praca stabilna
2026-09-15T12:20:00.000Z,50,50.168,49.316,42,41.642,43.299,121.023,6.3,98.746,A,Praca stabilna
2026-09-15T12:25:00.000Z,50,50.232,49.043,42,41.676,43.439,120.787,6.292,98.764,A,Praca stabilna
2026-09-15T12:30:00.000Z,50,50.274,48.753,42,41.705,43.593,120.541,6.283,98.781,A,Praca stabilna
2026-09-15T12:35:00.000Z,50,50.296,48.464,42,41.723,43.757,120.287,6.272,98.796,A,Praca stabilna
2026-09-15T12:40:00.000Z,50,50.306,48.19,42,41.726,43.927,120.029,6.261,98.809,A,Praca stabilna
2026-09-15T12:45:00.000Z,50,50.312,47.938,42,41.716,44.099,119.77,6.249,98.821,A,Praca stabilna
2026-09-15T12:50:00.000Z,50,50.321,47.713,42,41.699,44.268,119.515,6.237,98.83,A,Praca stabilna
2026-09-15T12:55:00.000Z,50,50.338,47.516,42,41.683,44.431,119.266,6.224,98.838,A,Praca stabilna
2026-09-15T13:00:00.000Z,50,50.365,47.342,42,41.678,44.583,119.028,6.211,98.844,A,Praca stabilna
2026-09-15T13:05:00.000Z,50,50.399,47.189,42,41.694,44.721,118.803,6.198,98.848,A,Praca stabilna
2026-09-15T13:10:00.000Z,50,50.434,47.049,42,41.734,44.842,118.595,6.184,98.85,A,Praca stabilna
2026-09-15T13:15:00.000Z,50,50.464,46.921,42,41.8,44.942,118.406,6.171,98.85,A,Praca stabilna
2026-09-15T13:20:00.000Z,50,50.478,46.803,42,41.886,45.019,118.239,6.159,98.847,A,Praca stabilna
2026-09-15T13:25:00.000Z,50,50.469,46.698,42,41.985,45.071,118.096,6.146,98.843,A,Praca stabilna
2026-09-15T13:30:00.000Z,50,50.431,51.812,42,42.085,45.097,117.98,6.135,98.837,A,Wysoki Dancer Output — górny próg
2026-09-15T13:35:00.000Z,50,50.362,51.754,42,42.174,45.096,117.892,6.124,98.828,A,Wysoki Dancer Output — górny próg
2026-09-15T13:40:00.000Z,50,50.265,51.734,42,42.243,45.069,117.832,6.114,98.818,A,Wysoki Dancer Output — górny próg
2026-09-15T13:45:00.000Z,50,50.146,51.765,42,42.288,45.016,117.803,6.105,98.806,A,Wysoki Dancer Output — górny próg
2026-09-15T13:50:00.000Z,50,50.016,51.855,42,42.308,44.938,117.804,6.098,98.793,A,Wysoki Dancer Output — górny próg
2026-09-15T13:55:00.000Z,50,49.886,52.012,42,42.307,44.837,117.836,6.091,98.777,A,Wysoki Dancer Output — górny próg
2026-09-15T14:00:00.000Z,50,49.768,52.239,42,42.294,44.715,117.897,6.086,98.761,B,Wysoki Dancer Output — górny próg
2026-09-15T14:05:00.000Z,50,49.671,52.53,42,42.278,44.577,117.988,6.083,98.743,B,Wysoki Dancer Output — górny próg
2026-09-15T14:10:00.000Z,50,49.601,52.878,42,42.269,44.424,118.106,6.081,98.723,B,Wysoki Dancer Output — górny próg
2026-09-15T14:15:00.000Z,50,49.562,53.266,42,42.273,44.261,118.251,6.08,98.703,B,Wysoki Dancer Output — górny próg
2026-09-15T14:20:00.000Z,50,49.549,53.673,42,42.291,44.091,118.419,6.081,98.682,B,Wysoki Dancer Output — górny próg
2026-09-15T14:25:00.000Z,50,49.559,54.075,42,42.322,43.919,118.61,6.083,98.66,B,Wysoki Dancer Output — górny próg
2026-09-15T14:30:00.000Z,50,49.581,49.247,42,42.358,43.75,118.82,6.087,98.638,B,Praca stabilna
2026-09-15T14:35:00.000Z,50,49.609,49.564,42,42.389,43.586,119.046,6.092,98.615,B,Praca stabilna
2026-09-15T14:40:00.000Z,50,49.634,49.804,42,42.405,43.433,119.285,6.098,98.593,B,Praca stabilna
2026-09-15T14:45:00.000Z,50,49.651,49.95,42,42.399,43.293,119.534,6.106,98.57,B,Praca stabilna
2026-09-15T14:50:00.000Z,50,49.659,49.995,42,42.365,43.17,119.79,6.115,98.547,B,Praca stabilna
2026-09-15T14:55:00.000Z,50,49.66,49.934,42,42.304,43.068,120.048,6.125,98.526,B,Praca stabilna
2026-09-15T15:00:00.000Z,50,49.66,49.776,42,42.221,42.988,120.306,6.136,98.504,B,Praca stabilna
2026-09-15T15:05:00.000Z,50,49.665,49.531,42,42.126,42.934,120.56,6.147,98.484,B,Praca stabilna
2026-09-15T15:10:00.000Z,50,49.686,49.22,42,42.029,42.905,120.805,6.16,98.464,B,Praca stabilna
2026-09-15T15:15:00.000Z,50,49.727,48.864,42,41.943,42.902,121.04,6.172,98.446,B,Praca stabilna
2026-09-15T15:20:00.000Z,50,49.793,48.488,42,41.875,42.927,121.26,6.185,98.428,B,Praca stabilna
2026-09-15T15:25:00.000Z,50,49.883,48.115,42,41.83,42.977,121.463,6.199,98.413,B,Praca stabilna
2026-09-15T15:30:00.000Z,50,49.995,47.765,42,41.806,43.053,121.646,6.212,98.398,B,Praca stabilna
2026-09-15T15:35:00.000Z,50,50.118,47.455,42,41.8,43.152,121.806,6.225,98.386,B,Praca stabilna
2026-09-15T15:40:00.000Z,50,50.243,47.195,42,41.802,43.271,121.941,6.238,98.375,B,Praca stabilna
2026-09-15T15:45:00.000Z,50,50.359,46.991,42,41.802,43.408,122.049,6.25,98.366,B,Praca stabilna
2026-09-15T15:50:00.000Z,50,50.453,46.843,42,41.793,43.559,122.129,6.262,98.359,B,Praca stabilna
2026-09-15T15:55:00.000Z,50,50.519,46.745,42,41.769,43.722,122.179,6.273,98.354,B,Praca stabilna
2026-09-15T16:00:00.000Z,50,50.551,46.691,42,41.73,43.891,122.2,6.283,98.351,B,Praca stabilna
2026-09-15T16:05:00.000Z,50,50.551,46.672,42,41.679,44.062,122.189,6.292,98.35,B,Praca stabilna
2026-09-15T16:10:00.000Z,50,50.521,46.679,42,41.624,44.232,122.149,6.3,98.351,B,Praca stabilna
2026-09-15T16:15:00.000Z,50,50.47,46.706,42,41.577,44.397,122.079,6.307,98.354,B,Praca stabilna
2026-09-15T16:20:00.000Z,50,50.407,46.75,42,41.547,44.552,121.98,6.312,98.36,B,Praca stabilna
2026-09-15T16:25:00.000Z,50,50.343,46.81,42,41.542,44.693,121.854,6.316,98.367,B,Praca stabilna
2026-09-15T16:30:00.000Z,50,50.284,46.889,42,41.566,44.818,121.702,6.319,98.376,B,Praca stabilna
2026-09-15T16:35:00.000Z,50,50.236,46.993,42,41.618,44.922,121.526,6.32,98.387,B,Praca stabilna
2026-09-15T16:40:00.000Z,50,50.2,47.128,42,41.691,45.004,121.33,6.32,98.4,B,Praca stabilna
2026-09-15T16:45:00.000Z,50,50.173,47.3,42,41.778,45.062,121.115,6.318,98.414,B,Praca stabilna
2026-09-15T16:50:00.000Z,50,50.15,47.513,42,41.865,45.094,120.885,6.314,98.43,B,Praca stabilna
2026-09-15T16:55:00.000Z,50,50.123,47.768,42,41.942,45.099,120.642,6.31,98.447,B,Praca stabilna
2026-09-15T17:00:00.000Z,50,50.085,48.061,42,39.103,43.277,120.391,6.304,96.666,B,Spadek Nip — dolny próg
2026-09-15T17:05:00.000Z,50,50.031,48.384,42,39.143,43.229,120.134,6.296,96.686,B,Spadek Nip — dolny próg
2026-09-15T17:10:00.000Z,50,49.958,48.721,42,39.165,43.156,119.875,6.288,96.706,B,Spadek Nip — dolny próg
2026-09-15T17:15:00.000Z,50,49.867,49.054,42,39.174,43.06,119.618,6.278,96.728,B,Spadek Nip — dolny próg
2026-09-15T17:20:00.000Z,50,49.764,49.364,42,39.179,42.943,119.367,6.267,96.75,B,Spadek Nip — dolny próg
2026-09-15T17:25:00.000Z,50,49.657,49.627,42,39.19,42.807,119.124,6.256,96.772,B,Spadek Nip — dolny próg
2026-09-15T17:30:00.000Z,50,49.557,49.823,42,39.214,42.657,118.893,6.244,96.795,B,Spadek Nip — dolny próg
2026-09-15T17:35:00.000Z,50,49.476,49.934,42,39.255,42.496,118.677,6.231,96.817,B,Spadek Nip — dolny próg
2026-09-15T17:40:00.000Z,50,49.422,49.948,42,39.313,42.327,118.48,6.218,96.84,B,Spadek Nip — dolny próg
2026-09-15T17:45:00.000Z,50,49.401,49.861,42,39.383,42.156,118.304,6.205,96.862,B,Spadek Nip — dolny próg
2026-09-15T17:50:00.000Z,50,49.416,49.673,42,39.454,41.985,118.151,6.192,96.884,B,Spadek Nip — dolny próg
2026-09-15T17:55:00.000Z,50,49.464,49.396,42,39.518,41.82,118.024,6.178,96.905,B,Spadek Nip — dolny próg
2026-09-15T18:00:00.000Z,50,49.539,49.046,42,42.462,43.464,117.924,6.165,98.725,B,Praca stabilna
2026-09-15T18:05:00.000Z,50,49.63,48.645,42,42.48,43.321,117.853,6.153,98.744,B,Praca stabilna
2026-09-15T18:10:00.000Z,50,49.728,48.218,42,42.468,43.195,117.811,6.141,98.762,B,Praca stabilna
2026-09-15T18:15:00.000Z,50,49.822,47.793,42,42.428,43.088,117.8,6.13,98.779,B,Praca stabilna
2026-09-15T18:20:00.000Z,50,49.904,47.395,42,42.367,43.003,117.819,6.119,98.794,B,Praca stabilna
2026-09-15T18:25:00.000Z,50,49.97,47.045,42,42.294,42.943,117.869,6.11,98.807,B,Praca stabilna
2026-09-15T18:30:00.000Z,50,50.019,46.762,42,42.221,42.909,117.948,6.102,98.819,B,Praca stabilna
2026-09-15T18:35:00.000Z,50,50.054,46.555,42,42.158,42.901,118.055,6.095,98.829,B,Praca stabilna
2026-09-15T18:40:00.000Z,50,50.082,46.428,42,42.11,42.919,118.189,6.089,98.837,B,Praca stabilna
2026-09-15T18:45:00.000Z,50,50.11,46.38,42,42.08,42.965,118.348,6.085,98.844,B,Praca stabilna
2026-09-15T18:50:00.000Z,50,50.144,46.401,42,42.065,43.035,118.53,6.082,98.848,B,Praca stabilna
2026-09-15T18:55:00.000Z,50,50.191,46.481,42,42.059,43.129,118.732,6.08,98.85,B,Praca stabilna
2026-09-15T19:00:00.000Z,50,50.251,46.605,42,42.052,43.244,118.952,6.08,98.85,B,Praca stabilna
2026-09-15T19:05:00.000Z,50,50.322,46.759,42,42.034,43.378,119.186,6.082,98.848,B,Praca stabilna
2026-09-15T19:10:00.000Z,50,50.399,46.932,42,42,43.526,119.432,6.085,98.844,B,Praca stabilna
2026-09-15T19:15:00.000Z,50,50.472,47.113,42,41.946,43.687,119.685,6.089,98.838,B,Praca stabilna
2026-09-15T19:20:00.000Z,50,50.532,47.296,42,41.874,43.854,119.943,6.095,98.829,B,Praca stabilna
2026-09-15T19:25:00.000Z,50,50.569,47.479,42,41.789,44.026,120.201,6.102,98.819,B,Praca stabilna
2026-09-15T19:30:00.000Z,50,50.575,47.663,42,41.703,44.197,120.457,6.11,98.808,B,Praca stabilna
2026-09-15T19:35:00.000Z,50,50.547,47.852,42,41.627,44.363,120.706,6.119,98.794,B,Praca stabilna
2026-09-15T19:40:00.000Z,50,50.486,48.049,42,41.57,44.52,120.946,6.13,98.779,B,Praca stabilna
2026-09-15T19:45:00.000Z,50,50.395,48.258,42,41.54,44.664,121.173,6.141,98.763,B,Praca stabilna
2026-09-15T19:50:00.000Z,50,50.284,48.48,42,41.539,44.793,121.383,6.153,98.745,B,Praca stabilna
2026-09-15T19:55:00.000Z,50,50.164,48.713,42,41.565,44.902,121.574,6.165,98.726,B,Praca stabilna
2026-09-15T20:00:00.000Z,50,50.045,48.951,42,41.611,44.989,121.744,6.178,98.705,B,Praca stabilna
2026-09-15T20:05:00.000Z,50,49.939,49.183,42,41.667,45.052,121.889,6.191,98.684,B,Praca stabilna
2026-09-15T20:10:00.000Z,50,49.852,49.397,42,41.722,45.089,122.008,6.205,98.663,B,Praca stabilna
2026-09-15T20:15:00.000Z,50,49.788,49.575,42,41.768,45.1,122.1,6.218,98.64,B,Praca stabilna
2026-09-15T20:20:00.000Z,50,49.747,49.702,42,41.798,45.084,122.162,6.231,98.618,B,Praca stabilna
2026-09-15T20:25:00.000Z,50,49.724,49.76,42,41.813,45.041,122.195,6.244,98.595,B,Praca stabilna
2026-09-15T20:30:00.000Z,50,49.712,49.738,42,41.816,44.974,122.197,6.256,98.573,B,Praca stabilna
2026-09-15T20:35:00.000Z,50,49.703,49.627,42,41.815,44.882,122.169,6.267,98.55,B,Praca stabilna
2026-09-15T20:40:00.000Z,50,49.69,49.427,42,41.819,44.769,122.111,6.278,98.528,B,Praca stabilna
2026-09-15T20:45:00.000Z,50,49.668,49.143,42,41.837,44.637,122.024,6.288,98.507,B,Praca stabilna
2026-09-15T20:50:00.000Z,50,49.637,48.788,42,41.877,44.49,121.908,6.296,98.486,B,Praca stabilna
2026-09-15T20:55:00.000Z,50,49.599,48.381,42,41.938,44.331,121.767,6.303,98.466,B,Praca stabilna
2026-09-15T21:00:00.000Z,50,49.559,47.945,42,42.02,44.164,121.601,6.31,98.448,B,Praca stabilna
2026-09-15T21:05:00.000Z,50,49.526,47.508,42,42.114,43.992,121.412,6.314,98.43,B,Praca stabilna
2026-09-15T21:10:00.000Z,50,49.509,47.097,42,42.209,43.821,121.205,6.318,98.414,B,Praca stabilna
2026-09-15T21:15:00.000Z,50,49.517,46.736,42,42.296,43.655,120.98,6.32,98.4,B,Praca stabilna
2026-09-15T21:20:00.000Z,50,49.554,46.447,42,42.362,43.496,120.742,6.32,98.387,B,Praca stabilna
2026-09-15T21:25:00.000Z,50,49.622,46.246,42,42.402,43.35,120.494,6.319,98.376,B,Praca stabilna
2026-09-15T21:30:00.000Z,50,49.719,46.141,42,42.414,43.22,120.239,6.316,98.367,B,Praca stabilna
2026-09-15T21:35:00.000Z,50,49.837,46.132,42,42.402,43.109,119.981,6.312,98.36,B,Praca stabilna
2026-09-15T21:40:00.000Z,50,49.967,46.214,42,42.372,43.019,119.722,6.307,98.354,B,Praca stabilna
2026-09-15T21:45:00.000Z,50,50.097,46.374,42,42.334,42.954,119.468,6.3,98.351,B,Praca stabilna
2026-09-15T21:50:00.000Z,50,50.215,46.595,42,42.299,42.914,119.221,6.292,98.35,B,Praca stabilna
2026-09-15T21:55:00.000Z,50,50.312,46.858,42,42.274,42.9,118.985,6.283,98.351,B,Praca stabilna
2026-09-15T22:00:00.000Z,50,50.382,47.144,42,42.264,42.913,118.763,6.273,98.354,C,Praca stabilna
2026-09-15T22:05:00.000Z,50,50.422,47.435,42,42.267,42.953,118.558,6.262,98.359,C,Praca stabilna
2026-09-15T22:10:00.000Z,50,50.436,47.715,42,42.28,43.018,118.373,6.251,98.366,C,Praca stabilna
2026-09-15T22:15:00.000Z,50,50.429,47.976,42,42.293,43.107,118.21,6.238,98.375,C,Praca stabilna
2026-09-15T22:20:00.000Z,50,50.41,48.21,42,42.297,43.218,118.073,6.225,98.385,C,Praca stabilna
2026-09-15T22:25:00.000Z,50,50.386,48.417,42,42.282,43.348,117.961,6.212,98.398,C,Praca stabilna
2026-09-15T22:30:00.000Z,50,50.366,48.599,42,42.243,43.494,117.878,6.199,98.412,C,Praca stabilna
2026-09-15T22:35:00.000Z,50,50.353,48.759,42,42.18,43.652,117.825,6.186,98.428,C,Praca stabilna
2026-09-15T22:40:00.000Z,50,50.35,48.903,42,42.095,43.818,117.801,6.173,98.445,C,Praca stabilna
2026-09-15T22:45:00.000Z,50,50.353,49.035,42,41.997,43.989,117.808,6.16,98.464,C,Praca stabilna
2026-09-15T22:50:00.000Z,50,50.357,49.156,42,41.897,44.161,117.845,6.147,98.483,C,Praca stabilna
2026-09-15T22:55:00.000Z,50,50.353,49.266,42,41.806,44.328,117.912,6.136,98.504,C,Praca stabilna
2026-09-15T23:00:00.000Z,50,50.334,49.36,42,41.735,44.487,118.008,6.125,98.525,C,Praca stabilna
2026-09-15T23:05:00.000Z,50,50.293,49.429,42,41.688,44.635,118.131,6.115,98.547,C,Praca stabilna
2026-09-15T23:10:00.000Z,50,50.227,49.464,42,41.668,44.767,118.28,6.106,98.57,C,Praca stabilna
2026-09-15T23:15:00.000Z,50,50.135,49.452,42,41.669,44.88,118.453,6.098,98.592,C,Praca stabilna
2026-09-15T23:20:00.000Z,50,50.022,49.384,42,41.685,44.972,118.647,6.092,98.615,C,Praca stabilna
2026-09-15T23:25:00.000Z,50,49.897,49.251,42,41.705,45.04,118.86,6.087,98.637,C,Praca stabilna
2026-09-15T23:30:00.000Z,50,49.771,49.049,42,41.72,45.083,119.089,6.083,98.66,C,Praca stabilna
2026-09-15T23:35:00.000Z,50,49.654,48.78,42,41.723,45.1,119.331,6.081,98.682,C,Praca stabilna
2026-09-15T23:40:00.000Z,50,49.559,48.45,42,41.711,45.09,119.581,6.08,98.703,C,Praca stabilna
2026-09-15T23:45:00.000Z,50,49.492,48.075,42,41.687,45.053,119.838,6.081,98.723,C,Praca stabilna
2026-09-15T23:50:00.000Z,50,49.458,47.672,42,41.656,44.99,120.096,6.083,98.742,C,Praca stabilna
2026-09-15T23:55:00.000Z,50,49.457,47.265,42,41.628,44.903,120.353,6.086,98.76,C,Praca stabilna
2026-09-16T00:00:00.000Z,50,49.485,46.879,42,41.613,44.795,131.106,6.511,97.677,C,Wysoka prędkość — górny próg
2026-09-16T00:05:00.000Z,50,49.532,46.541,42,41.62,44.667,131.35,6.518,97.692,C,Wysoka prędkość — górny próg
2026-09-16T00:10:00.000Z,50,49.591,46.271,42,41.653,44.523,131.582,6.525,97.706,C,Wysoka prędkość — górny próg
2026-09-16T00:15:00.000Z,50,49.652,46.09,42,41.713,44.366,131.8,6.534,97.718,C,Wysoka prędkość — górny próg
2026-09-16T00:20:00.000Z,50,49.706,46.009,42,41.795,44.2,131.999,6.544,97.728,C,Wysoka prędkość — górny próg
2026-09-16T00:25:00.000Z,50,49.75,46.033,42,41.891,44.029,132.178,6.555,97.737,C,Wysoka prędkość — górny próg
2026-09-16T00:30:00.000Z,50,49.783,46.158,42,41.989,43.857,132.333,6.566,97.743,C,Wysoka prędkość — górny próg
2026-09-16T00:35:00.000Z,50,49.807,46.373,42,42.078,43.689,132.463,6.578,97.747,C,Wysoka prędkość — górny próg
2026-09-16T00:40:00.000Z,50,49.828,46.663,42,42.149,43.529,132.566,6.591,97.75,C,Wysoka prędkość — górny próg
2026-09-16T00:45:00.000Z,50,49.854,47.006,42,42.198,43.38,132.641,6.604,97.75,C,Wysoka prędkość — górny próg
2026-09-16T00:50:00.000Z,50,49.893,47.378,42,42.223,43.246,132.685,6.617,97.748,C,Wysoka prędkość — górny próg
2026-09-16T00:55:00.000Z,50,49.948,47.755,42,42.229,43.131,132.7,6.631,97.744,C,Wysoka prędkość — górny próg
2026-09-16T01:00:00.000Z,50,50.024,48.115,42,42.225,43.036,132.684,6.644,97.738,C,Wysoka prędkość — górny próg
2026-09-16T01:05:00.000Z,50,50.118,48.441,42,42.221,42.966,132.638,6.657,97.73,C,Wysoka prędkość — górny próg
2026-09-16T01:10:00.000Z,50,50.224,48.719,42,42.224,42.92,122.063,6.249,98.821,C,Praca stabilna
2026-09-16T01:15:00.000Z,50,50.333,48.943,42,42.242,42.901,121.959,6.261,98.809,C,Praca stabilna
2026-09-16T01:20:00.000Z,50,50.435,49.111,42,42.275,42.908,121.827,6.272,98.796,C,Praca stabilna
2026-09-16T01:25:00.000Z,50,50.519,49.226,42,42.32,42.942,121.671,6.282,98.781,C,Praca stabilna
2026-09-16T01:30:00.000Z,50,50.575,49.294,42,42.37,43.002,121.491,6.292,98.765,C,Praca stabilna
2026-09-16T01:35:00.000Z,50,50.597,49.325,42,42.415,43.086,121.291,6.3,98.747,C,Praca stabilna
2026-09-16T01:40:00.000Z,50,50.584,49.326,42,42.443,43.193,121.073,6.306,98.728,C,Praca stabilna
2026-09-16T01:45:00.000Z,50,50.538,49.305,42,42.448,43.319,120.84,6.312,98.708,C,Praca stabilna
2026-09-16T01:50:00.000Z,50,50.466,49.267,42,42.424,43.461,120.596,6.316,98.687,C,Praca stabilna
2026-09-16T01:55:00.000Z,50,50.377,49.213,42,42.372,43.617,120.343,6.319,98.665,C,Praca stabilna
2026-09-16T02:00:00.000Z,50,50.283,49.141,42,42.298,43.782,120.086,6.32,98.643,C,Praca stabilna
2026-09-16T02:05:00.000Z,50,50.192,49.047,42,42.21,43.953,119.827,6.32,98.62,C,Praca stabilna
2026-09-16T02:10:00.000Z,50,50.113,48.924,42,42.119,44.124,119.571,6.318,98.598,C,Praca stabilna
2026-09-16T02:15:00.000Z,50,50.05,48.766,42,42.037,44.293,119.321,6.315,98.575,C,Praca stabilna
2026-09-16T02:20:00.000Z,50,50.003,48.567,42,41.972,44.454,119.08,6.31,98.553,C,Praca stabilna
2026-09-16T02:25:00.000Z,50,49.969,48.327,42,41.928,44.605,118.852,6.304,98.531,C,Praca stabilna
2026-09-16T02:30:00.000Z,50,49.941,48.046,42,41.904,44.74,118.639,6.297,98.509,C,Praca stabilna
2026-09-16T02:35:00.000Z,50,49.912,47.733,42,41.894,44.858,118.446,6.289,98.488,C,Praca stabilna
2026-09-16T02:40:00.000Z,50,49.875,47.399,42,41.89,44.955,118.274,6.279,98.468,C,Praca stabilna
2026-09-16T02:45:00.000Z,50,49.825,47.062,42,41.883,45.028,118.126,6.269,98.45,C,Praca stabilna
2026-09-16T02:50:00.000Z,50,49.761,46.741,42,41.863,45.076,118.003,6.257,98.432,C,Praca stabilna
2026-09-16T02:55:00.000Z,50,49.686,46.46,42,41.828,45.099,117.909,6.245,98.416,C,Praca stabilna
2026-09-16T03:00:00.000Z,50,49.606,46.238,42,41.776,45.094,117.843,6.233,98.401,C,Praca stabilna
2026-09-16T03:05:00.000Z,50,49.529,46.095,42,41.711,45.063,117.807,6.219,98.388,C,Praca stabilna
2026-09-16T03:10:00.000Z,50,49.466,46.045,42,41.643,45.005,117.802,6.206,98.377,C,Praca stabilna
2026-09-16T03:15:00.000Z,50,49.427,46.097,42,41.583,44.924,117.826,6.193,98.368,C,Praca stabilna
2026-09-16T03:20:00.000Z,50,49.418,46.249,42,41.539,44.82,117.881,6.18,98.36,C,Praca stabilna
2026-09-16T03:25:00.000Z,50,49.445,46.496,42,41.522,44.695,117.965,6.167,98.355,C,Praca stabilna
2026-09-16T03:30:00.000Z,50,49.505,46.823,42,41.534,44.554,118.078,6.154,98.351,C,Praca stabilna
2026-09-16T03:35:00.000Z,50,49.594,47.209,42,41.574,44.4,118.216,6.142,98.35,C,Praca stabilna
2026-09-16T03:40:00.000Z,50,49.703,47.63,42,41.637,44.235,110.38,6.131,98.351,C,Kontrolowane spowolnienie
2026-09-16T03:45:00.000Z,50,49.822,48.059,42,41.713,44.065,110.566,6.12,98.353,C,Kontrolowane spowolnienie
2026-09-16T03:50:00.000Z,50,49.938,48.469,42,41.79,43.894,110.772,6.111,98.358,C,Kontrolowane spowolnienie
2026-09-16T03:55:00.000Z,50,50.043,48.838,42,41.859,43.725,110.994,6.103,98.365,C,Kontrolowane spowolnienie
2026-09-16T04:00:00.000Z,50,50.128,49.146,42,41.912,43.562,111.231,6.095,98.374,C,Kontrolowane spowolnienie
2026-09-16T04:05:00.000Z,50,50.19,49.381,42,41.947,43.411,111.478,6.09,98.384,C,Kontrolowane spowolnienie
2026-09-16T04:10:00.000Z,50,50.231,49.536,42,41.966,43.273,111.733,6.085,98.397,C,Kontrolowane spowolnienie
2026-09-16T04:15:00.000Z,50,50.256,49.612,42,41.974,43.154,119.991,6.082,98.411,C,Praca stabilna
2026-09-16T04:20:00.000Z,50,50.27,49.614,42,41.98,43.055,120.249,6.08,98.426,C,Praca stabilna
2026-09-16T04:25:00.000Z,50,50.282,49.553,42,41.995,42.979,120.504,6.08,98.443,C,Praca stabilna
2026-09-16T04:30:00.000Z,50,50.299,49.443,42,42.026,42.927,120.752,6.081,98.461,C,Praca stabilna
2026-09-16T04:35:00.000Z,50,50.325,49.298,42,42.075,42.903,120.989,6.084,98.481,C,Praca stabilna
2026-09-16T04:40:00.000Z,50,50.36,49.131,42,42.143,42.904,121.213,6.088,98.501,C,Praca stabilna
2026-09-16T04:45:00.000Z,50,50.403,48.952,42,42.223,42.933,121.42,6.094,98.523,C,Praca stabilna
2026-09-16T04:50:00.000Z,50,50.447,48.769,42,42.306,42.987,121.608,6.101,98.545,C,Praca stabilna
2026-09-16T04:55:00.000Z,50,50.483,48.586,42,42.381,43.066,121.773,6.109,98.567,C,Praca stabilna
2026-09-16T05:00:00.000Z,50,50.503,48.402,42,42.437,43.168,121.913,6.118,98.59,C,Praca stabilna
2026-09-16T05:05:00.000Z,50,50.497,48.216,42,42.468,43.29,122.028,6.129,98.612,C,Praca stabilna
2026-09-16T05:10:00.000Z,50,50.461,48.022,42,42.468,43.43,122.114,6.14,98.635,C,Praca stabilna
2026-09-16T05:15:00.000Z,50,50.393,47.818,42,42.441,43.583,122.171,6.152,98.657,C,Praca stabilna
2026-09-16T05:20:00.000Z,50,50.297,47.6,42,42.393,43.747,122.198,6.164,98.679,C,Praca stabilna
2026-09-16T05:25:00.000Z,50,50.178,47.371,42,42.333,43.916,122.194,6.177,98.7,C,Praca stabilna
2026-09-16T05:30:00.000Z,50,50.049,47.134,42,42.273,44.088,122.161,6.19,98.721,C,Praca stabilna
2026-09-16T05:35:00.000Z,50,49.92,46.898,42,42.221,44.258,122.097,6.203,98.74,C,Praca stabilna
2026-09-16T05:40:00.000Z,50,49.802,46.675,42,42.184,44.421,122.004,6.217,98.758,C,Praca stabilna
2026-09-16T05:45:00.000Z,50,49.706,46.483,42,42.164,44.574,121.884,6.23,98.775,C,Praca stabilna
2026-09-16T05:50:00.000Z,50,49.636,46.336,42,42.156,44.713,121.738,6.242,98.791,C,Praca stabilna
2026-09-16T05:55:00.000Z,50,49.595,46.252,42,42.155,44.835,121.567,6.255,98.805,C,Praca stabilna